table,row
factories,"{""location"": ""Detroit, MI"", ""timezone"": ""UTC"", ""created_at"": ""2026-06-19T01:14:55.194807Z"", ""name"": ""SmartForge Plant 1"", ""id"": ""24cd658d-c8d7-4052-a80a-8b6bb6b7207e""}"
lines,"{""status"": ""running"", ""id"": ""3c2d6a13-8c4a-4d10-ab6d-9f02431bd98e"", ""factory_id"": ""24cd658d-c8d7-4052-a80a-8b6bb6b7207e"", ""created_at"": ""2026-06-19T01:14:55.200111Z"", ""name"": ""Line 01""}"
suppliers,"{""lead_time_days"": 7, ""contact"": null, ""status"": ""ok"", ""created_at"": ""2026-06-19T01:14:55.502421Z"", ""name"": ""Steel Co"", ""id"": ""9ec029a7-e7d0-4597-bd9c-f707f60824ae""}"
suppliers,"{""lead_time_days"": 21, ""contact"": null, ""status"": ""delayed"", ""created_at"": ""2026-06-19T01:14:55.502481Z"", ""name"": ""Alloy Inc"", ""id"": ""8d57bf1d-2ba0-4091-9d3d-b4cf5886dc23""}"
machines,"{""model"": ""VF-2"", ""name"": ""CNC Mill 01"", ""machine_type"": ""cnc_mill"", ""line_id"": ""3c2d6a13-8c4a-4d10-ab6d-9f02431bd98e"", ""pos_z"": 0.0, ""status"": ""running"", ""health_score"": 72.2, ""last_fault_code"": null, ""manufacturer"": ""Haas"", ""code"": ""cnc-01"", ""factory_id"": ""24cd658d-c8d7-4052-a80a-8b6bb6b7207e"", ""pos_x"": -4.0, ""id"": ""94530790-9d84-4c90-a36b-a99237e49081"", ""maintenance_state"": ""ok"", ""runtime_hours"": 1859.36, ""created_at"": ""2026-06-19T01:14:55.207633Z""}"
machines,"{""model"": ""KR-10"", ""name"": ""Robotic Arm 01"", ""machine_type"": ""robotic_arm"", ""line_id"": ""3c2d6a13-8c4a-4d10-ab6d-9f02431bd98e"", ""pos_z"": 0.0, ""status"": ""running"", ""health_score"": 72.7, ""last_fault_code"": null, ""manufacturer"": ""KUKA"", ""code"": ""arm-01"", ""factory_id"": ""24cd658d-c8d7-4052-a80a-8b6bb6b7207e"", ""pos_x"": 0.0, ""id"": ""0c911daa-73c5-4b2e-8ae3-6876ac1c9b1d"", ""maintenance_state"": ""ok"", ""runtime_hours"": 1209.59, ""created_at"": ""2026-06-19T01:14:55.207853Z""}"
machines,"{""model"": ""HP-400"", ""name"": ""Hydraulic Press 01"", ""machine_type"": ""hydraulic_press"", ""line_id"": ""3c2d6a13-8c4a-4d10-ab6d-9f02431bd98e"", ""pos_z"": 0.0, ""status"": ""fault"", ""health_score"": 56.4, ""last_fault_code"": ""E101"", ""manufacturer"": ""Schuler"", ""code"": ""press-01"", ""factory_id"": ""24cd658d-c8d7-4052-a80a-8b6bb6b7207e"", ""pos_x"": 4.0, ""id"": ""23696c61-7982-4928-98e8-e8a22b0f565f"", ""maintenance_state"": ""ok"", ""runtime_hours"": 2110.12, ""created_at"": ""2026-06-19T01:14:55.208091Z""}"
inventory_items,"{""quantity"": 120.0, ""sku"": ""STL-4140"", ""reorder_threshold"": 100.0, ""factory_id"": ""24cd658d-c8d7-4052-a80a-8b6bb6b7207e"", ""created_at"": ""2026-06-19T01:14:55.509951Z"", ""unit"": ""ea"", ""name"": ""Steel 4140 bar"", ""material_type"": ""steel"", ""supplier_id"": ""9ec029a7-e7d0-4597-bd9c-f707f60824ae"", ""id"": ""d2fed44e-f063-4276-9e08-b51abc2abc57""}"
inventory_items,"{""quantity"": 40.0, ""sku"": ""AL-6061"", ""reorder_threshold"": 80.0, ""factory_id"": ""24cd658d-c8d7-4052-a80a-8b6bb6b7207e"", ""created_at"": ""2026-06-19T01:14:55.510047Z"", ""unit"": ""ea"", ""name"": ""Aluminum 6061 block"", ""material_type"": ""aluminum"", ""supplier_id"": ""8d57bf1d-2ba0-4091-9d3d-b4cf5886dc23"", ""id"": ""8ca328a0-8cdb-4f57-ba3d-63210de6bfeb""}"
inventory_items,"{""quantity"": 15.0, ""sku"": ""HYD-OIL"", ""reorder_threshold"": 25.0, ""factory_id"": ""24cd658d-c8d7-4052-a80a-8b6bb6b7207e"", ""created_at"": ""2026-06-19T01:14:55.510094Z"", ""unit"": ""ea"", ""name"": ""Hydraulic oil"", ""material_type"": ""consumable"", ""supplier_id"": ""9ec029a7-e7d0-4597-bd9c-f707f60824ae"", ""id"": ""53d1d218-84a0-45e3-9e83-f8d57c01efe3""}"
customer_orders,"{""order_number"": ""SO-105"", ""part_type"": ""housing"", ""estimated_completion"": ""2026-07-07T01:14:55.502339"", ""delay_reason"": ""Material shortage"", ""stage"": ""shipped"", ""customer_id"": ""1fa52b21-3384-4054-abb8-14d3401460d5"", ""quantity"": 169, ""delayed"": true, ""id"": ""79111e44-35a1-4905-934e-1c88af495226"", ""created_at"": ""2026-06-19T01:14:55.502361Z""}"
customer_orders,"{""order_number"": ""SO-104"", ""part_type"": ""bracket"", ""estimated_completion"": ""2026-06-23T01:14:55.502290"", ""delay_reason"": null, ""stage"": ""shipped"", ""customer_id"": ""e246612c-01a8-49ee-9b7d-e247038b0806"", ""quantity"": 65, ""delayed"": false, ""id"": ""7f34db6d-6137-40c4-9379-28c3d4030499"", ""created_at"": ""2026-06-19T01:14:55.502314Z""}"
customer_orders,"{""order_number"": ""SO-103"", ""part_type"": ""bracket"", ""estimated_completion"": ""2026-07-04T01:14:55.502233"", ""delay_reason"": null, ""stage"": ""shipped"", ""customer_id"": ""1fa52b21-3384-4054-abb8-14d3401460d5"", ""quantity"": 352, ""delayed"": false, ""id"": ""97a738b4-e100-465f-8223-141e83b55969"", ""created_at"": ""2026-06-19T01:14:55.502261Z""}"
customer_orders,"{""order_number"": ""SO-102"", ""part_type"": ""bracket"", ""estimated_completion"": ""2026-07-08T01:14:55.502142"", ""delay_reason"": null, ""stage"": ""shipped"", ""customer_id"": ""e246612c-01a8-49ee-9b7d-e247038b0806"", ""quantity"": 396, ""delayed"": false, ""id"": ""44807c6d-f6b8-4c18-99bc-2b582bd1668c"", ""created_at"": ""2026-06-19T01:14:55.502196Z""}"
customer_orders,"{""order_number"": ""SO-100"", ""part_type"": ""bracket"", ""estimated_completion"": ""2026-06-29T01:14:55.498709"", ""delay_reason"": null, ""stage"": ""shipped"", ""customer_id"": ""e246612c-01a8-49ee-9b7d-e247038b0806"", ""quantity"": 62, ""delayed"": false, ""id"": ""1c461e63-7666-4dc6-8502-ae5cfef6ed5a"", ""created_at"": ""2026-06-19T01:14:55.498874Z""}"
customer_orders,"{""order_number"": ""SO-101"", ""part_type"": ""housing"", ""estimated_completion"": ""2026-06-25T01:14:55.501978"", ""delay_reason"": null, ""stage"": ""shipped"", ""customer_id"": ""1fa52b21-3384-4054-abb8-14d3401460d5"", ""quantity"": 164, ""delayed"": false, ""id"": ""3940ea28-24a7-4af1-8d54-285d3082a25f"", ""created_at"": ""2026-06-19T01:14:55.502073Z""}"
jobs,"{""due_date"": null, ""customer"": ""Acme Robotics"", ""priority"": 2, ""factory_id"": ""24cd658d-c8d7-4052-a80a-8b6bb6b7207e"", ""id"": ""60331305-971d-402d-a9f1-53e016dbafa0"", ""missing_info"": null, ""created_at"": ""2026-06-19T01:14:55.510187Z"", ""quantity"": 200, ""required_materials"": null, ""part_type"": ""bracket"", ""special_instructions"": null, ""customer_order_id"": null, ""status"": ""approved"", ""suggested_priority"": null}"
jobs,"{""due_date"": null, ""customer"": ""Globex Manufacturing"", ""priority"": 1, ""factory_id"": ""24cd658d-c8d7-4052-a80a-8b6bb6b7207e"", ""id"": ""3b0a3587-1fe4-4b4d-9010-7d61948bf50a"", ""missing_info"": null, ""created_at"": ""2026-06-19T01:14:55.510281Z"", ""quantity"": 350, ""required_materials"": null, ""part_type"": ""housing"", ""special_instructions"": null, ""customer_order_id"": null, ""status"": ""scheduled"", ""suggested_priority"": null}"
alerts,"{""machine_id"": ""23696c61-7982-4928-98e8-e8a22b0f565f"", ""message"": ""Vibration 0.79 exceeds 0.6"", ""suggested_window"": ""next 24h"", ""status"": ""active"", ""resolved_at"": null, ""recommended_action"": ""Inspect bearings and balance; schedule vibration analysis."", ""rule"": ""high_vibration"", ""severity"": ""high"", ""id"": ""d992edcb-0107-4f9e-8556-7ec044b84458"", ""acknowledged_at"": null, ""created_at"": ""2026-06-19T03:55:07.909041Z""}"
alerts,"{""machine_id"": ""23696c61-7982-4928-98e8-e8a22b0f565f"", ""message"": ""Temperature 95.8\u00b0C exceeds 85.0\u00b0C"", ""suggested_window"": ""next 12h"", ""status"": ""active"", ""resolved_at"": null, ""recommended_action"": ""Check coolant flow and spindle load; reduce feed rate."", ""rule"": ""rising_temperature"", ""severity"": ""high"", ""id"": ""f79d671b-83cf-457e-804d-ffc4940b79ec"", ""acknowledged_at"": null, ""created_at"": ""2026-06-19T03:55:07.911418Z""}"
alerts,"{""machine_id"": ""23696c61-7982-4928-98e8-e8a22b0f565f"", ""message"": ""Runtime 2100h exceeds 2000h"", ""suggested_window"": ""next maintenance window"", ""status"": ""active"", ""resolved_at"": null, ""recommended_action"": ""Schedule preventive maintenance service."", ""rule"": ""runtime_threshold"", ""severity"": ""medium"", ""id"": ""722254c7-c156-4680-bf2b-8cef9b496282"", ""acknowledged_at"": null, ""created_at"": ""2026-06-19T03:55:07.912444Z""}"
alerts,"{""machine_id"": ""23696c61-7982-4928-98e8-e8a22b0f565f"", ""message"": ""Fault code E101 reported"", ""suggested_window"": ""immediate"", ""status"": ""active"", ""resolved_at"": null, ""recommended_action"": ""Run diagnostics; consult fault guide via AskAI."", ""rule"": ""repeated_fault"", ""severity"": ""critical"", ""id"": ""c41496f2-827a-418a-a4ba-1b0bd2811395"", ""acknowledged_at"": null, ""created_at"": ""2026-06-19T03:55:07.913714Z""}"
alerts,"{""machine_id"": ""23696c61-7982-4928-98e8-e8a22b0f565f"", ""message"": ""Health score 0 below 60"", ""suggested_window"": ""next 48h"", ""status"": ""active"", ""resolved_at"": null, ""recommended_action"": ""Open predictive maintenance review."", ""rule"": ""low_health_score"", ""severity"": ""high"", ""id"": ""970d02f7-9ed8-45fd-bd27-0f8b9d3cefb8"", ""acknowledged_at"": null, ""created_at"": ""2026-06-19T03:55:07.913357Z""}"
alerts,"{""machine_id"": ""94530790-9d84-4c90-a36b-a99237e49081"", ""message"": ""Vibration 0.68 exceeds 0.6"", ""suggested_window"": ""next 24h"", ""status"": ""active"", ""resolved_at"": null, ""recommended_action"": ""Inspect bearings and balance; schedule vibration analysis."", ""rule"": ""high_vibration"", ""severity"": ""high"", ""id"": ""4d6f2a5f-edd5-4642-b22d-98241cf0c08c"", ""acknowledged_at"": null, ""created_at"": ""2026-06-19T03:55:14.005003Z""}"
alerts,"{""machine_id"": ""94530790-9d84-4c90-a36b-a99237e49081"", ""message"": ""Temperature 104.8\u00b0C exceeds 85.0\u00b0C"", ""suggested_window"": ""next 12h"", ""status"": ""active"", ""resolved_at"": null, ""recommended_action"": ""Check coolant flow and spindle load; reduce feed rate."", ""rule"": ""rising_temperature"", ""severity"": ""high"", ""id"": ""2bb40d22-0415-4215-9d52-c90395de0971"", ""acknowledged_at"": null, ""created_at"": ""2026-06-19T03:55:14.005998Z""}"
alerts,"{""machine_id"": ""94530790-9d84-4c90-a36b-a99237e49081"", ""message"": ""Fault code VB-09 reported"", ""suggested_window"": ""immediate"", ""status"": ""active"", ""resolved_at"": null, ""recommended_action"": ""Run diagnostics; consult fault guide via AskAI."", ""rule"": ""repeated_fault"", ""severity"": ""critical"", ""id"": ""d3f67ca3-e4ed-41d3-ae01-9c04183d5fe9"", ""acknowledged_at"": null, ""created_at"": ""2026-06-19T03:55:14.006991Z""}"
alerts,"{""machine_id"": ""94530790-9d84-4c90-a36b-a99237e49081"", ""message"": ""Health score 39 below 60"", ""suggested_window"": ""next 48h"", ""status"": ""active"", ""resolved_at"": null, ""recommended_action"": ""Open predictive maintenance review."", ""rule"": ""low_health_score"", ""severity"": ""high"", ""id"": ""6375c0e9-80d8-406b-bfe5-3a47420cfa93"", ""acknowledged_at"": null, ""created_at"": ""2026-06-19T03:55:14.008067Z""}"
alerts,"{""machine_id"": ""0c911daa-73c5-4b2e-8ae3-6876ac1c9b1d"", ""message"": ""Temperature 92.7\u00b0C exceeds 85.0\u00b0C"", ""suggested_window"": ""next 12h"", ""status"": ""active"", ""resolved_at"": null, ""recommended_action"": ""Check coolant flow and spindle load; reduce feed rate."", ""rule"": ""rising_temperature"", ""severity"": ""high"", ""id"": ""418209b5-e861-4926-adc9-6cbee5bbeb62"", ""acknowledged_at"": null, ""created_at"": ""2026-06-19T03:56:24.157324Z""}"
alerts,"{""machine_id"": ""0c911daa-73c5-4b2e-8ae3-6876ac1c9b1d"", ""message"": ""Fault code E101 reported"", ""suggested_window"": ""immediate"", ""status"": ""active"", ""resolved_at"": null, ""recommended_action"": ""Run diagnostics; consult fault guide via AskAI."", ""rule"": ""repeated_fault"", ""severity"": ""critical"", ""id"": ""05576b82-adef-48da-806c-2d6f6d9906aa"", ""acknowledged_at"": null, ""created_at"": ""2026-06-19T03:56:24.158597Z""}"
alerts,"{""machine_id"": ""0c911daa-73c5-4b2e-8ae3-6876ac1c9b1d"", ""message"": ""Vibration 0.69 exceeds 0.6"", ""suggested_window"": ""next 24h"", ""status"": ""active"", ""resolved_at"": null, ""recommended_action"": ""Inspect bearings and balance; schedule vibration analysis."", ""rule"": ""high_vibration"", ""severity"": ""high"", ""id"": ""1357f364-6ae6-4603-91f4-6297b24de292"", ""acknowledged_at"": null, ""created_at"": ""2026-06-19T03:56:27.233131Z""}"
alerts,"{""machine_id"": ""0c911daa-73c5-4b2e-8ae3-6876ac1c9b1d"", ""message"": ""Health score 59 below 60"", ""suggested_window"": ""next 48h"", ""status"": ""active"", ""resolved_at"": null, ""recommended_action"": ""Open predictive maintenance review."", ""rule"": ""low_health_score"", ""severity"": ""high"", ""id"": ""8574e414-719d-4fba-897a-840bdd1262e5"", ""acknowledged_at"": null, ""created_at"": ""2026-06-19T04:02:24.153214Z""}"
work_orders,"{""severity"": ""high"", ""fault_type"": ""high_vibration"", ""required_skill"": ""mechanical"", ""source_alert_id"": ""d992edcb-0107-4f9e-8556-7ec044b84458"", ""id"": ""e4daf6c8-83e7-483a-a980-45e3e64cff4c"", ""fiix_sync_state"": ""not_synced"", ""created_at"": ""2026-06-19T03:55:07.921230Z"", ""machine_id"": ""23696c61-7982-4928-98e8-e8a22b0f565f"", ""recommended_task"": ""Inspect bearings and balance; schedule vibration analysis."", ""suggested_due_date"": ""2026-06-21T03:55:07.921148"", ""priority"": 2, ""status"": ""draft"", ""fiix_id"": null}"
work_orders,"{""severity"": ""high"", ""fault_type"": ""rising_temperature"", ""required_skill"": ""thermal/coolant"", ""source_alert_id"": ""f79d671b-83cf-457e-804d-ffc4940b79ec"", ""id"": ""548d8d74-e235-49ef-96b9-c31109f93d0c"", ""fiix_sync_state"": ""not_synced"", ""created_at"": ""2026-06-19T03:55:07.926803Z"", ""machine_id"": ""23696c61-7982-4928-98e8-e8a22b0f565f"", ""recommended_task"": ""Check coolant flow and spindle load; reduce feed rate."", ""suggested_due_date"": ""2026-06-21T03:55:07.926648"", ""priority"": 2, ""status"": ""draft"", ""fiix_id"": null}"
work_orders,"{""severity"": ""critical"", ""fault_type"": ""repeated_fault"", ""required_skill"": ""controls"", ""source_alert_id"": ""c41496f2-827a-418a-a4ba-1b0bd2811395"", ""id"": ""c83c8b71-4d15-4848-8949-df55bb370a49"", ""fiix_sync_state"": ""not_synced"", ""created_at"": ""2026-06-19T03:55:07.930566Z"", ""machine_id"": ""23696c61-7982-4928-98e8-e8a22b0f565f"", ""recommended_task"": ""Run diagnostics; consult fault guide via AskAI."", ""suggested_due_date"": ""2026-06-21T03:55:07.930491"", ""priority"": 1, ""status"": ""draft"", ""fiix_id"": null}"
work_orders,"{""severity"": ""high"", ""fault_type"": ""low_health_score"", ""required_skill"": ""diagnostics"", ""source_alert_id"": ""970d02f7-9ed8-45fd-bd27-0f8b9d3cefb8"", ""id"": ""6342c49a-c81d-4978-89d0-0ddd50a6374c"", ""fiix_sync_state"": ""not_synced"", ""created_at"": ""2026-06-19T03:55:07.934317Z"", ""machine_id"": ""23696c61-7982-4928-98e8-e8a22b0f565f"", ""recommended_task"": ""Open predictive maintenance review."", ""suggested_due_date"": ""2026-06-21T03:55:07.934243"", ""priority"": 2, ""status"": ""draft"", ""fiix_id"": null}"
work_orders,"{""severity"": ""high"", ""fault_type"": ""high_vibration"", ""required_skill"": ""mechanical"", ""source_alert_id"": ""4d6f2a5f-edd5-4642-b22d-98241cf0c08c"", ""id"": ""fd6216ca-d648-4602-b12f-5264eb375019"", ""fiix_sync_state"": ""not_synced"", ""created_at"": ""2026-06-19T03:55:14.013978Z"", ""machine_id"": ""94530790-9d84-4c90-a36b-a99237e49081"", ""recommended_task"": ""Inspect bearings and balance; schedule vibration analysis."", ""suggested_due_date"": ""2026-06-21T03:55:14.013900"", ""priority"": 2, ""status"": ""draft"", ""fiix_id"": null}"
work_orders,"{""severity"": ""high"", ""fault_type"": ""rising_temperature"", ""required_skill"": ""thermal/coolant"", ""source_alert_id"": ""2bb40d22-0415-4215-9d52-c90395de0971"", ""id"": ""af2240b8-6380-47fd-b2b9-a48326507e2d"", ""fiix_sync_state"": ""not_synced"", ""created_at"": ""2026-06-19T03:55:14.017751Z"", ""machine_id"": ""94530790-9d84-4c90-a36b-a99237e49081"", ""recommended_task"": ""Check coolant flow and spindle load; reduce feed rate."", ""suggested_due_date"": ""2026-06-21T03:55:14.017682"", ""priority"": 2, ""status"": ""draft"", ""fiix_id"": null}"
work_orders,"{""severity"": ""critical"", ""fault_type"": ""repeated_fault"", ""required_skill"": ""controls"", ""source_alert_id"": ""d3f67ca3-e4ed-41d3-ae01-9c04183d5fe9"", ""id"": ""d00a53ba-94c6-4e94-9d4c-227c8e6c12f5"", ""fiix_sync_state"": ""not_synced"", ""created_at"": ""2026-06-19T03:55:14.021424Z"", ""machine_id"": ""94530790-9d84-4c90-a36b-a99237e49081"", ""recommended_task"": ""Run diagnostics; consult fault guide via AskAI."", ""suggested_due_date"": ""2026-06-21T03:55:14.021356"", ""priority"": 1, ""status"": ""draft"", ""fiix_id"": null}"
work_orders,"{""severity"": ""high"", ""fault_type"": ""low_health_score"", ""required_skill"": ""diagnostics"", ""source_alert_id"": ""6375c0e9-80d8-406b-bfe5-3a47420cfa93"", ""id"": ""6c3943e3-7537-4b9b-9372-df4fc1662f68"", ""fiix_sync_state"": ""not_synced"", ""created_at"": ""2026-06-19T03:55:14.025106Z"", ""machine_id"": ""94530790-9d84-4c90-a36b-a99237e49081"", ""recommended_task"": ""Open predictive maintenance review."", ""suggested_due_date"": ""2026-06-21T03:55:14.025037"", ""priority"": 2, ""status"": ""draft"", ""fiix_id"": null}"
work_orders,"{""severity"": ""high"", ""fault_type"": ""rising_temperature"", ""required_skill"": ""thermal/coolant"", ""source_alert_id"": ""418209b5-e861-4926-adc9-6cbee5bbeb62"", ""id"": ""b813c347-5be0-4cc5-93e3-2ef72f4603ea"", ""fiix_sync_state"": ""not_synced"", ""created_at"": ""2026-06-19T03:56:24.164816Z"", ""machine_id"": ""0c911daa-73c5-4b2e-8ae3-6876ac1c9b1d"", ""recommended_task"": ""Check coolant flow and spindle load; reduce feed rate."", ""suggested_due_date"": ""2026-06-21T03:56:24.164738"", ""priority"": 2, ""status"": ""draft"", ""fiix_id"": null}"
work_orders,"{""severity"": ""critical"", ""fault_type"": ""repeated_fault"", ""required_skill"": ""controls"", ""source_alert_id"": ""05576b82-adef-48da-806c-2d6f6d9906aa"", ""id"": ""f3d0f454-8043-4ac0-9ca7-f2b350ec1d41"", ""fiix_sync_state"": ""not_synced"", ""created_at"": ""2026-06-19T03:56:24.170502Z"", ""machine_id"": ""0c911daa-73c5-4b2e-8ae3-6876ac1c9b1d"", ""recommended_task"": ""Run diagnostics; consult fault guide via AskAI."", ""suggested_due_date"": ""2026-06-21T03:56:24.170429"", ""priority"": 1, ""status"": ""draft"", ""fiix_id"": null}"
work_orders,"{""severity"": ""high"", ""fault_type"": ""high_vibration"", ""required_skill"": ""mechanical"", ""source_alert_id"": ""1357f364-6ae6-4603-91f4-6297b24de292"", ""id"": ""c8480266-cc95-4a7e-aa26-196a20f921e7"", ""fiix_sync_state"": ""not_synced"", ""created_at"": ""2026-06-19T03:56:27.239313Z"", ""machine_id"": ""0c911daa-73c5-4b2e-8ae3-6876ac1c9b1d"", ""recommended_task"": ""Inspect bearings and balance; schedule vibration analysis."", ""suggested_due_date"": ""2026-06-21T03:56:27.239219"", ""priority"": 2, ""status"": ""draft"", ""fiix_id"": null}"
work_orders,"{""severity"": ""high"", ""fault_type"": ""low_health_score"", ""required_skill"": ""diagnostics"", ""source_alert_id"": ""8574e414-719d-4fba-897a-840bdd1262e5"", ""id"": ""c2c20fcc-4736-47eb-a216-4c616da50a3e"", ""fiix_sync_state"": ""not_synced"", ""created_at"": ""2026-06-19T04:02:24.159565Z"", ""machine_id"": ""0c911daa-73c5-4b2e-8ae3-6876ac1c9b1d"", ""recommended_task"": ""Open predictive maintenance review."", ""suggested_due_date"": ""2026-06-21T04:02:24.159492"", ""priority"": 2, ""status"": ""draft"", ""fiix_id"": null}"
oee_metrics,"{""shift"": ""A"", ""performance"": 0.974, ""machine_id"": ""94530790-9d84-4c90-a36b-a99237e49081"", ""oee"": 0.9158, ""downtime_minutes"": 35, ""rework_rate"": 0.0195, ""created_at"": ""2026-06-19T01:14:55.530376Z"", ""availability"": 0.965, ""line_id"": ""3c2d6a13-8c4a-4d10-ab6d-9f02431bd98e"", ""quality"": 0.9743, ""throughput"": 974.0, ""scrap_rate"": 0.0062, ""id"": ""74c0b431-9f27-4d2f-99c3-ea1582d7f2ce""}"
oee_metrics,"{""shift"": ""A"", ""performance"": 0.959, ""machine_id"": ""0c911daa-73c5-4b2e-8ae3-6876ac1c9b1d"", ""oee"": 0.8574, ""downtime_minutes"": 67, ""rework_rate"": 0.0094, ""created_at"": ""2026-06-19T01:14:55.537631Z"", ""availability"": 0.933, ""line_id"": ""3c2d6a13-8c4a-4d10-ab6d-9f02431bd98e"", ""quality"": 0.9583, ""throughput"": 959.0, ""scrap_rate"": 0.0323, ""id"": ""59eee917-86ae-4113-9a62-ea31b2ad879f""}"
oee_metrics,"{""shift"": ""A"", ""performance"": 0.97, ""machine_id"": ""23696c61-7982-4928-98e8-e8a22b0f565f"", ""oee"": 0.9176, ""downtime_minutes"": 30, ""rework_rate"": 0.0021, ""created_at"": ""2026-06-19T01:14:55.543445Z"", ""availability"": 0.97, ""line_id"": ""3c2d6a13-8c4a-4d10-ab6d-9f02431bd98e"", ""quality"": 0.9753, ""throughput"": 970.0, ""scrap_rate"": 0.0227, ""id"": ""84cd8fe2-0480-46f3-a391-1c09dabc345e""}"
oee_metrics,"{""shift"": ""B"", ""performance"": 0.928, ""machine_id"": ""94530790-9d84-4c90-a36b-a99237e49081"", ""oee"": 0.8661, ""downtime_minutes"": 29, ""rework_rate"": 0.0108, ""created_at"": ""2026-06-19T01:14:55.549782Z"", ""availability"": 0.971, ""line_id"": ""3c2d6a13-8c4a-4d10-ab6d-9f02431bd98e"", ""quality"": 0.9612, ""throughput"": 928.0, ""scrap_rate"": 0.028, ""id"": ""400ccddc-e936-45f7-bba7-3a45f0c61779""}"
oee_metrics,"{""shift"": ""B"", ""performance"": 0.875, ""machine_id"": ""0c911daa-73c5-4b2e-8ae3-6876ac1c9b1d"", ""oee"": 0.8263, ""downtime_minutes"": 21, ""rework_rate"": 0.0057, ""created_at"": ""2026-06-19T01:14:55.554957Z"", ""availability"": 0.979, ""line_id"": ""3c2d6a13-8c4a-4d10-ab6d-9f02431bd98e"", ""quality"": 0.9646, ""throughput"": 875.0, ""scrap_rate"": 0.0297, ""id"": ""e9ec6db4-d259-412d-9d0e-b5f39d2d95c8""}"
oee_metrics,"{""shift"": ""B"", ""performance"": 0.917, ""machine_id"": ""23696c61-7982-4928-98e8-e8a22b0f565f"", ""oee"": 0.8448, ""downtime_minutes"": 54, ""rework_rate"": 0.0142, ""created_at"": ""2026-06-19T01:14:55.561041Z"", ""availability"": 0.946, ""line_id"": ""3c2d6a13-8c4a-4d10-ab6d-9f02431bd98e"", ""quality"": 0.9738, ""throughput"": 917.0, ""scrap_rate"": 0.012, ""id"": ""de768890-cb5f-4572-a9b1-b692a692189f""}"
production_runs,"{""shift"": ""A"", ""line_id"": ""3c2d6a13-8c4a-4d10-ab6d-9f02431bd98e"", ""actual_units"": 974, ""rework_units"": 19, ""id"": ""27a911d8-9669-4555-8bc3-2f2911baf455"", ""planned_units"": 1000, ""machine_id"": ""94530790-9d84-4c90-a36b-a99237e49081"", ""job_id"": null, ""scrap_units"": 6, ""downtime_minutes"": 35, ""created_at"": ""2026-06-19T01:14:55.524052Z""}"
production_runs,"{""shift"": ""A"", ""line_id"": ""3c2d6a13-8c4a-4d10-ab6d-9f02431bd98e"", ""actual_units"": 959, ""rework_units"": 9, ""id"": ""c6546039-3809-4b94-a26d-4d20bff075e8"", ""planned_units"": 1000, ""machine_id"": ""0c911daa-73c5-4b2e-8ae3-6876ac1c9b1d"", ""job_id"": null, ""scrap_units"": 31, ""downtime_minutes"": 67, ""created_at"": ""2026-06-19T01:14:55.533382Z""}"
production_runs,"{""shift"": ""A"", ""line_id"": ""3c2d6a13-8c4a-4d10-ab6d-9f02431bd98e"", ""actual_units"": 970, ""rework_units"": 2, ""id"": ""90b7f950-ac76-4fc6-8d0c-55e82fe9d028"", ""planned_units"": 1000, ""machine_id"": ""23696c61-7982-4928-98e8-e8a22b0f565f"", ""job_id"": null, ""scrap_units"": 22, ""downtime_minutes"": 30, ""created_at"": ""2026-06-19T01:14:55.539639Z""}"
production_runs,"{""shift"": ""B"", ""line_id"": ""3c2d6a13-8c4a-4d10-ab6d-9f02431bd98e"", ""actual_units"": 928, ""rework_units"": 10, ""id"": ""7d046bdf-f4ee-47b6-866f-bf15e641bd52"", ""planned_units"": 1000, ""machine_id"": ""94530790-9d84-4c90-a36b-a99237e49081"", ""job_id"": null, ""scrap_units"": 26, ""downtime_minutes"": 29, ""created_at"": ""2026-06-19T01:14:55.545366Z""}"
production_runs,"{""shift"": ""B"", ""line_id"": ""3c2d6a13-8c4a-4d10-ab6d-9f02431bd98e"", ""actual_units"": 875, ""rework_units"": 5, ""id"": ""896d7b69-2d3d-414b-88bc-f955ef75305b"", ""planned_units"": 1000, ""machine_id"": ""0c911daa-73c5-4b2e-8ae3-6876ac1c9b1d"", ""job_id"": null, ""scrap_units"": 26, ""downtime_minutes"": 21, ""created_at"": ""2026-06-19T01:14:55.551361Z""}"
production_runs,"{""shift"": ""B"", ""line_id"": ""3c2d6a13-8c4a-4d10-ab6d-9f02431bd98e"", ""actual_units"": 917, ""rework_units"": 13, ""id"": ""61d086d6-1be1-40a0-9d3a-97fccf0d1dfa"", ""planned_units"": 1000, ""machine_id"": ""23696c61-7982-4928-98e8-e8a22b0f565f"", ""job_id"": null, ""scrap_units"": 11, ""downtime_minutes"": 54, ""created_at"": ""2026-06-19T01:14:55.556971Z""}"
inspections,"{""image_reference"": ""s3://inspections/PART-1000.jpg"", ""confidence"": 0.79, ""defect_detected"": true, ""id"": ""0e13bc69-fcf1-45a7-9767-b8be8fd9c96c"", ""defect_type"": ""none"", ""part_id"": ""PART-1000"", ""line_id"": ""3c2d6a13-8c4a-4d10-ab6d-9f02431bd98e"", ""created_at"": ""2026-06-19T01:14:55.603658Z""}"
inspections,"{""image_reference"": ""s3://inspections/PART-1001.jpg"", ""confidence"": 0.8, ""defect_detected"": false, ""id"": ""9446f459-1d2f-447c-bf1a-18bdebc5279f"", ""defect_type"": ""none"", ""part_id"": ""PART-1001"", ""line_id"": ""3c2d6a13-8c4a-4d10-ab6d-9f02431bd98e"", ""created_at"": ""2026-06-19T01:14:55.609525Z""}"
inspections,"{""image_reference"": ""s3://inspections/PART-1002.jpg"", ""confidence"": 0.81, ""defect_detected"": true, ""id"": ""e374ca3f-9d6e-4d19-b172-782a5c6d1e31"", ""defect_type"": ""dimension_out_of_tol"", ""part_id"": ""PART-1002"", ""line_id"": ""3c2d6a13-8c4a-4d10-ab6d-9f02431bd98e"", ""created_at"": ""2026-06-19T01:14:55.614835Z""}"
inspections,"{""image_reference"": ""s3://inspections/PART-1003.jpg"", ""confidence"": 0.82, ""defect_detected"": true, ""id"": ""2ac415ae-f1a6-4402-a314-d3192f0b027f"", ""defect_type"": ""porosity"", ""part_id"": ""PART-1003"", ""line_id"": ""3c2d6a13-8c4a-4d10-ab6d-9f02431bd98e"", ""created_at"": ""2026-06-19T01:14:55.619843Z""}"
inspections,"{""image_reference"": ""s3://inspections/PART-1004.jpg"", ""confidence"": 0.83, ""defect_detected"": true, ""id"": ""2bd41b98-1b00-4a49-af66-04c22b9617a1"", ""defect_type"": ""burr"", ""part_id"": ""PART-1004"", ""line_id"": ""3c2d6a13-8c4a-4d10-ab6d-9f02431bd98e"", ""created_at"": ""2026-06-19T01:14:55.624538Z""}"
inspections,"{""image_reference"": ""s3://inspections/PART-1005.jpg"", ""confidence"": 0.84, ""defect_detected"": true, ""id"": ""ebb40515-cf53-406e-abb6-e6b4a355880a"", ""defect_type"": ""none"", ""part_id"": ""PART-1005"", ""line_id"": ""3c2d6a13-8c4a-4d10-ab6d-9f02431bd98e"", ""created_at"": ""2026-06-19T01:14:55.629296Z""}"
inspections,"{""image_reference"": ""s3://inspections/PART-1006.jpg"", ""confidence"": 0.85, ""defect_detected"": false, ""id"": ""9dbb39aa-cbca-4180-9a77-b57f16b213c6"", ""defect_type"": ""none"", ""part_id"": ""PART-1006"", ""line_id"": ""3c2d6a13-8c4a-4d10-ab6d-9f02431bd98e"", ""created_at"": ""2026-06-19T01:14:55.634219Z""}"
inspections,"{""image_reference"": ""s3://inspections/PART-1007.jpg"", ""confidence"": 0.86, ""defect_detected"": true, ""id"": ""52b6e4d8-0bb6-4c46-8921-07354cefd435"", ""defect_type"": ""dimension_out_of_tol"", ""part_id"": ""PART-1007"", ""line_id"": ""3c2d6a13-8c4a-4d10-ab6d-9f02431bd98e"", ""created_at"": ""2026-06-19T01:14:55.639094Z""}"
inspections,"{""image_reference"": ""s3://inspections/PART-1008.jpg"", ""confidence"": 0.87, ""defect_detected"": true, ""id"": ""f882ac9b-beb2-4894-bae9-4cb18fcabbdb"", ""defect_type"": ""porosity"", ""part_id"": ""PART-1008"", ""line_id"": ""3c2d6a13-8c4a-4d10-ab6d-9f02431bd98e"", ""created_at"": ""2026-06-19T01:14:55.644109Z""}"
inspections,"{""image_reference"": ""s3://inspections/PART-1009.jpg"", ""confidence"": 0.88, ""defect_detected"": true, ""id"": ""7e1cb581-0e79-4cc2-965f-7f12980572c2"", ""defect_type"": ""burr"", ""part_id"": ""PART-1009"", ""line_id"": ""3c2d6a13-8c4a-4d10-ab6d-9f02431bd98e"", ""created_at"": ""2026-06-19T01:14:55.649431Z""}"
inspections,"{""image_reference"": ""s3://inspections/PART-1010.jpg"", ""confidence"": 0.8, ""defect_detected"": false, ""id"": ""db5d7d8d-45ee-4dd2-aa85-b51c894aa2eb"", ""defect_type"": ""none"", ""part_id"": ""PART-1010"", ""line_id"": ""3c2d6a13-8c4a-4d10-ab6d-9f02431bd98e"", ""created_at"": ""2026-06-19T01:14:55.654359Z""}"
inspections,"{""image_reference"": ""s3://inspections/PART-1011.jpg"", ""confidence"": 0.81, ""defect_detected"": true, ""id"": ""e546d567-1974-43df-a30d-9eaf8aa1c5f0"", ""defect_type"": ""dimension_out_of_tol"", ""part_id"": ""PART-1011"", ""line_id"": ""3c2d6a13-8c4a-4d10-ab6d-9f02431bd98e"", ""created_at"": ""2026-06-19T01:14:55.659387Z""}"
inspections,"{""image_reference"": ""s3://inspections/PART-1012.jpg"", ""confidence"": 0.82, ""defect_detected"": true, ""id"": ""f4ddd649-99d2-4fad-bc2b-69ea5548d97a"", ""defect_type"": ""porosity"", ""part_id"": ""PART-1012"", ""line_id"": ""3c2d6a13-8c4a-4d10-ab6d-9f02431bd98e"", ""created_at"": ""2026-06-19T01:14:55.663941Z""}"
inspections,"{""image_reference"": ""s3://inspections/PART-1013.jpg"", ""confidence"": 0.83, ""defect_detected"": true, ""id"": ""08e4323c-6a36-4db4-84a1-dadda816d212"", ""defect_type"": ""burr"", ""part_id"": ""PART-1013"", ""line_id"": ""3c2d6a13-8c4a-4d10-ab6d-9f02431bd98e"", ""created_at"": ""2026-06-19T01:14:55.668848Z""}"
inspections,"{""image_reference"": ""s3://inspections/PART-1014.jpg"", ""confidence"": 0.84, ""defect_detected"": true, ""id"": ""dcdeac8f-764a-438e-9f7a-794290db7ee4"", ""defect_type"": ""none"", ""part_id"": ""PART-1014"", ""line_id"": ""3c2d6a13-8c4a-4d10-ab6d-9f02431bd98e"", ""created_at"": ""2026-06-19T01:14:55.673770Z""}"
inspections,"{""image_reference"": ""s3://inspections/PART-1015.jpg"", ""confidence"": 0.85, ""defect_detected"": false, ""id"": ""d8697170-b2c5-4706-8552-427ab3b3b34f"", ""defect_type"": ""none"", ""part_id"": ""PART-1015"", ""line_id"": ""3c2d6a13-8c4a-4d10-ab6d-9f02431bd98e"", ""created_at"": ""2026-06-19T01:14:55.678545Z""}"
inspections,"{""image_reference"": ""s3://inspections/PART-1016.jpg"", ""confidence"": 0.86, ""defect_detected"": true, ""id"": ""b858b0cd-c919-4312-aa5a-6a972dc21524"", ""defect_type"": ""dimension_out_of_tol"", ""part_id"": ""PART-1016"", ""line_id"": ""3c2d6a13-8c4a-4d10-ab6d-9f02431bd98e"", ""created_at"": ""2026-06-19T01:14:55.683471Z""}"
inspections,"{""image_reference"": ""s3://inspections/PART-1017.jpg"", ""confidence"": 0.87, ""defect_detected"": true, ""id"": ""ed990de6-cd59-4f81-a9dd-ae3974bac730"", ""defect_type"": ""porosity"", ""part_id"": ""PART-1017"", ""line_id"": ""3c2d6a13-8c4a-4d10-ab6d-9f02431bd98e"", ""created_at"": ""2026-06-19T01:14:55.688144Z""}"
inspections,"{""image_reference"": ""s3://inspections/PART-1018.jpg"", ""confidence"": 0.88, ""defect_detected"": true, ""id"": ""04ade95f-cd90-4f86-8a8d-46ef02325a18"", ""defect_type"": ""burr"", ""part_id"": ""PART-1018"", ""line_id"": ""3c2d6a13-8c4a-4d10-ab6d-9f02431bd98e"", ""created_at"": ""2026-06-19T01:14:55.693148Z""}"
inspections,"{""image_reference"": ""s3://inspections/PART-1019.jpg"", ""confidence"": 0.89, ""defect_detected"": true, ""id"": ""13e88f3c-584b-483c-914f-c63d1cad3ee3"", ""defect_type"": ""none"", ""part_id"": ""PART-1019"", ""line_id"": ""3c2d6a13-8c4a-4d10-ab6d-9f02431bd98e"", ""created_at"": ""2026-06-19T01:14:55.698272Z""}"
inspections,"{""image_reference"": ""s3://inspections/PART-1020.jpg"", ""confidence"": 0.81, ""defect_detected"": true, ""id"": ""e0893b5e-68e5-4dac-a9b7-e6f64e14bb67"", ""defect_type"": ""dimension_out_of_tol"", ""part_id"": ""PART-1020"", ""line_id"": ""3c2d6a13-8c4a-4d10-ab6d-9f02431bd98e"", ""created_at"": ""2026-06-19T01:14:55.703368Z""}"
inspections,"{""image_reference"": ""s3://inspections/PART-1021.jpg"", ""confidence"": 0.82, ""defect_detected"": true, ""id"": ""81889cc0-3767-4221-b047-ece7eac6bd11"", ""defect_type"": ""porosity"", ""part_id"": ""PART-1021"", ""line_id"": ""3c2d6a13-8c4a-4d10-ab6d-9f02431bd98e"", ""created_at"": ""2026-06-19T01:14:55.708524Z""}"
inspections,"{""image_reference"": ""s3://inspections/PART-1022.jpg"", ""confidence"": 0.83, ""defect_detected"": true, ""id"": ""ee98e270-3e8e-4cec-b419-b37b660a7ebe"", ""defect_type"": ""burr"", ""part_id"": ""PART-1022"", ""line_id"": ""3c2d6a13-8c4a-4d10-ab6d-9f02431bd98e"", ""created_at"": ""2026-06-19T01:14:55.713767Z""}"
inspections,"{""image_reference"": ""s3://inspections/PART-1023.jpg"", ""confidence"": 0.84, ""defect_detected"": true, ""id"": ""afcb0143-902c-4a6f-a5e0-83f0de0cc52a"", ""defect_type"": ""none"", ""part_id"": ""PART-1023"", ""line_id"": ""3c2d6a13-8c4a-4d10-ab6d-9f02431bd98e"", ""created_at"": ""2026-06-19T01:14:55.718938Z""}"
defects,"{""defect_type"": ""none"", ""scrap_cost"": 42.0, ""line_id"": ""3c2d6a13-8c4a-4d10-ab6d-9f02431bd98e"", ""is_scrap"": true, ""id"": ""299bdf99-1791-426f-a14f-a360a4113e2a"", ""part_id"": ""PART-1000"", ""inspection_id"": ""0e13bc69-fcf1-45a7-9767-b8be8fd9c96c"", ""rework_cost"": 0.0, ""is_rework"": false, ""created_at"": ""2026-06-19T01:14:55.609377Z""}"
defects,"{""defect_type"": ""dimension_out_of_tol"", ""scrap_cost"": 42.0, ""line_id"": ""3c2d6a13-8c4a-4d10-ab6d-9f02431bd98e"", ""is_scrap"": true, ""id"": ""b9a09b41-f424-4198-8fa2-29a5ae3d178f"", ""part_id"": ""PART-1002"", ""inspection_id"": ""e374ca3f-9d6e-4d19-b172-782a5c6d1e31"", ""rework_cost"": 0.0, ""is_rework"": false, ""created_at"": ""2026-06-19T01:14:55.619723Z""}"
defects,"{""defect_type"": ""porosity"", ""scrap_cost"": 42.0, ""line_id"": ""3c2d6a13-8c4a-4d10-ab6d-9f02431bd98e"", ""is_scrap"": true, ""id"": ""ec00caf9-00c8-4335-b6a6-069b6087bc6f"", ""part_id"": ""PART-1003"", ""inspection_id"": ""2ac415ae-f1a6-4402-a314-d3192f0b027f"", ""rework_cost"": 0.0, ""is_rework"": false, ""created_at"": ""2026-06-19T01:14:55.624375Z""}"
defects,"{""defect_type"": ""burr"", ""scrap_cost"": 42.0, ""line_id"": ""3c2d6a13-8c4a-4d10-ab6d-9f02431bd98e"", ""is_scrap"": true, ""id"": ""c2ae5dbb-6c93-42c7-9966-37049779a4bb"", ""part_id"": ""PART-1004"", ""inspection_id"": ""2bd41b98-1b00-4a49-af66-04c22b9617a1"", ""rework_cost"": 0.0, ""is_rework"": false, ""created_at"": ""2026-06-19T01:14:55.629068Z""}"
defects,"{""defect_type"": ""none"", ""scrap_cost"": 42.0, ""line_id"": ""3c2d6a13-8c4a-4d10-ab6d-9f02431bd98e"", ""is_scrap"": true, ""id"": ""d88e42a9-4400-4cbb-be0e-2c612bf6d650"", ""part_id"": ""PART-1005"", ""inspection_id"": ""ebb40515-cf53-406e-abb6-e6b4a355880a"", ""rework_cost"": 0.0, ""is_rework"": false, ""created_at"": ""2026-06-19T01:14:55.634135Z""}"
defects,"{""defect_type"": ""dimension_out_of_tol"", ""scrap_cost"": 42.0, ""line_id"": ""3c2d6a13-8c4a-4d10-ab6d-9f02431bd98e"", ""is_scrap"": true, ""id"": ""a668e6e4-e5fc-42d7-91e5-1a5bdda8888b"", ""part_id"": ""PART-1007"", ""inspection_id"": ""52b6e4d8-0bb6-4c46-8921-07354cefd435"", ""rework_cost"": 0.0, ""is_rework"": false, ""created_at"": ""2026-06-19T01:14:55.643938Z""}"
defects,"{""defect_type"": ""porosity"", ""scrap_cost"": 42.0, ""line_id"": ""3c2d6a13-8c4a-4d10-ab6d-9f02431bd98e"", ""is_scrap"": true, ""id"": ""f33a1bde-355f-45fa-b8db-dfc80e4e6e9b"", ""part_id"": ""PART-1008"", ""inspection_id"": ""f882ac9b-beb2-4894-bae9-4cb18fcabbdb"", ""rework_cost"": 0.0, ""is_rework"": false, ""created_at"": ""2026-06-19T01:14:55.649347Z""}"
defects,"{""defect_type"": ""burr"", ""scrap_cost"": 42.0, ""line_id"": ""3c2d6a13-8c4a-4d10-ab6d-9f02431bd98e"", ""is_scrap"": true, ""id"": ""04688293-b4a9-4ab6-be5e-8a0e1fe3cb2b"", ""part_id"": ""PART-1009"", ""inspection_id"": ""7e1cb581-0e79-4cc2-965f-7f12980572c2"", ""rework_cost"": 0.0, ""is_rework"": false, ""created_at"": ""2026-06-19T01:14:55.654280Z""}"
defects,"{""defect_type"": ""dimension_out_of_tol"", ""scrap_cost"": 42.0, ""line_id"": ""3c2d6a13-8c4a-4d10-ab6d-9f02431bd98e"", ""is_scrap"": true, ""id"": ""cd208841-1307-4dea-b635-6d0d696e0c79"", ""part_id"": ""PART-1011"", ""inspection_id"": ""e546d567-1974-43df-a30d-9eaf8aa1c5f0"", ""rework_cost"": 0.0, ""is_rework"": false, ""created_at"": ""2026-06-19T01:14:55.663835Z""}"
defects,"{""defect_type"": ""porosity"", ""scrap_cost"": 42.0, ""line_id"": ""3c2d6a13-8c4a-4d10-ab6d-9f02431bd98e"", ""is_scrap"": true, ""id"": ""a1c36feb-8453-46f1-a97b-63aa0865788d"", ""part_id"": ""PART-1012"", ""inspection_id"": ""f4ddd649-99d2-4fad-bc2b-69ea5548d97a"", ""rework_cost"": 0.0, ""is_rework"": false, ""created_at"": ""2026-06-19T01:14:55.668768Z""}"
defects,"{""defect_type"": ""burr"", ""scrap_cost"": 42.0, ""line_id"": ""3c2d6a13-8c4a-4d10-ab6d-9f02431bd98e"", ""is_scrap"": true, ""id"": ""2c4a9ca0-23ae-480f-a727-a67baf3a0589"", ""part_id"": ""PART-1013"", ""inspection_id"": ""08e4323c-6a36-4db4-84a1-dadda816d212"", ""rework_cost"": 0.0, ""is_rework"": false, ""created_at"": ""2026-06-19T01:14:55.673685Z""}"
defects,"{""defect_type"": ""none"", ""scrap_cost"": 42.0, ""line_id"": ""3c2d6a13-8c4a-4d10-ab6d-9f02431bd98e"", ""is_scrap"": true, ""id"": ""a16b1811-e879-4532-aecd-e23763bd6615"", ""part_id"": ""PART-1014"", ""inspection_id"": ""dcdeac8f-764a-438e-9f7a-794290db7ee4"", ""rework_cost"": 0.0, ""is_rework"": false, ""created_at"": ""2026-06-19T01:14:55.678465Z""}"
defects,"{""defect_type"": ""dimension_out_of_tol"", ""scrap_cost"": 42.0, ""line_id"": ""3c2d6a13-8c4a-4d10-ab6d-9f02431bd98e"", ""is_scrap"": true, ""id"": ""225a8795-5332-4857-a98d-4eaa4b86e711"", ""part_id"": ""PART-1016"", ""inspection_id"": ""b858b0cd-c919-4312-aa5a-6a972dc21524"", ""rework_cost"": 0.0, ""is_rework"": false, ""created_at"": ""2026-06-19T01:14:55.688020Z""}"
defects,"{""defect_type"": ""porosity"", ""scrap_cost"": 42.0, ""line_id"": ""3c2d6a13-8c4a-4d10-ab6d-9f02431bd98e"", ""is_scrap"": true, ""id"": ""ea4c794d-c439-48b3-a7d0-38b9691abe5b"", ""part_id"": ""PART-1017"", ""inspection_id"": ""ed990de6-cd59-4f81-a9dd-ae3974bac730"", ""rework_cost"": 0.0, ""is_rework"": false, ""created_at"": ""2026-06-19T01:14:55.693068Z""}"
defects,"{""defect_type"": ""burr"", ""scrap_cost"": 42.0, ""line_id"": ""3c2d6a13-8c4a-4d10-ab6d-9f02431bd98e"", ""is_scrap"": true, ""id"": ""59299ba2-d6ed-4bb9-8316-8e87e84a1a4f"", ""part_id"": ""PART-1018"", ""inspection_id"": ""04ade95f-cd90-4f86-8a8d-46ef02325a18"", ""rework_cost"": 0.0, ""is_rework"": false, ""created_at"": ""2026-06-19T01:14:55.698191Z""}"
defects,"{""defect_type"": ""none"", ""scrap_cost"": 42.0, ""line_id"": ""3c2d6a13-8c4a-4d10-ab6d-9f02431bd98e"", ""is_scrap"": true, ""id"": ""78dd8ceb-2c13-43a2-8ac9-31c94b387d2b"", ""part_id"": ""PART-1019"", ""inspection_id"": ""13e88f3c-584b-483c-914f-c63d1cad3ee3"", ""rework_cost"": 0.0, ""is_rework"": false, ""created_at"": ""2026-06-19T01:14:55.703286Z""}"
defects,"{""defect_type"": ""dimension_out_of_tol"", ""scrap_cost"": 42.0, ""line_id"": ""3c2d6a13-8c4a-4d10-ab6d-9f02431bd98e"", ""is_scrap"": true, ""id"": ""5e8aa50c-fc3d-46d9-9e25-7f9b74ed10ba"", ""part_id"": ""PART-1020"", ""inspection_id"": ""e0893b5e-68e5-4dac-a9b7-e6f64e14bb67"", ""rework_cost"": 0.0, ""is_rework"": false, ""created_at"": ""2026-06-19T01:14:55.708344Z""}"
defects,"{""defect_type"": ""porosity"", ""scrap_cost"": 42.0, ""line_id"": ""3c2d6a13-8c4a-4d10-ab6d-9f02431bd98e"", ""is_scrap"": true, ""id"": ""b970d5c6-e3a6-49e7-b529-742c49b224b7"", ""part_id"": ""PART-1021"", ""inspection_id"": ""81889cc0-3767-4221-b047-ece7eac6bd11"", ""rework_cost"": 0.0, ""is_rework"": false, ""created_at"": ""2026-06-19T01:14:55.713658Z""}"
defects,"{""defect_type"": ""burr"", ""scrap_cost"": 42.0, ""line_id"": ""3c2d6a13-8c4a-4d10-ab6d-9f02431bd98e"", ""is_scrap"": true, ""id"": ""ef3a0ed0-8990-4253-b508-75ae4754fa99"", ""part_id"": ""PART-1022"", ""inspection_id"": ""ee98e270-3e8e-4cec-b419-b37b660a7ebe"", ""rework_cost"": 0.0, ""is_rework"": false, ""created_at"": ""2026-06-19T01:14:55.718855Z""}"
defects,"{""defect_type"": ""none"", ""scrap_cost"": 42.0, ""line_id"": ""3c2d6a13-8c4a-4d10-ab6d-9f02431bd98e"", ""is_scrap"": true, ""id"": ""3791290f-4157-47a7-8672-1d84d72c011e"", ""part_id"": ""PART-1023"", ""inspection_id"": ""afcb0143-902c-4a6f-a5e0-83f0de0cc52a"", ""rework_cost"": 0.0, ""is_rework"": false, ""created_at"": ""2026-06-19T01:14:55.724367Z""}"
machine_configurations,"{""machine_id"": ""94530790-9d84-4c90-a36b-a99237e49081"", ""pressure"": 120.0, ""tooling_profile"": ""standard"", ""id"": ""38f7a8be-e2a8-49e7-a706-81df632bd05c"", ""is_current"": true, ""approved"": true, ""created_at"": ""2026-06-19T01:14:55.564916Z"", ""speed"": 1200.0, ""temperature"": 60.0, ""feed_rate"": 0.25, ""material_type"": ""steel"", ""version"": 1, ""is_recommended"": false, ""performance_delta"": 0.0}"
machine_configurations,"{""machine_id"": ""94530790-9d84-4c90-a36b-a99237e49081"", ""pressure"": 128.0, ""tooling_profile"": ""optimized"", ""id"": ""8643cef9-dcc5-4b1f-829b-a8af966a7ba8"", ""is_current"": false, ""approved"": false, ""created_at"": ""2026-06-19T01:14:55.565045Z"", ""speed"": 1350.0, ""temperature"": 58.0, ""feed_rate"": 0.28, ""material_type"": ""steel"", ""version"": 2, ""is_recommended"": true, ""performance_delta"": 6.622356188201346}"
machine_configurations,"{""machine_id"": ""0c911daa-73c5-4b2e-8ae3-6876ac1c9b1d"", ""pressure"": 120.0, ""tooling_profile"": ""standard"", ""id"": ""7cc3aac0-c1e6-42bd-901f-d16f2dc3d8c8"", ""is_current"": true, ""approved"": true, ""created_at"": ""2026-06-19T01:14:55.568232Z"", ""speed"": 1200.0, ""temperature"": 60.0, ""feed_rate"": 0.25, ""material_type"": ""steel"", ""version"": 1, ""is_recommended"": false, ""performance_delta"": 0.0}"
machine_configurations,"{""machine_id"": ""0c911daa-73c5-4b2e-8ae3-6876ac1c9b1d"", ""pressure"": 128.0, ""tooling_profile"": ""optimized"", ""id"": ""33365b77-7d5c-4347-8745-d6a22fde7d96"", ""is_current"": false, ""approved"": false, ""created_at"": ""2026-06-19T01:14:55.568489Z"", ""speed"": 1350.0, ""temperature"": 58.0, ""feed_rate"": 0.28, ""material_type"": ""steel"", ""version"": 2, ""is_recommended"": true, ""performance_delta"": 7.842769639646281}"
machine_configurations,"{""machine_id"": ""23696c61-7982-4928-98e8-e8a22b0f565f"", ""pressure"": 120.0, ""tooling_profile"": ""standard"", ""id"": ""6a583c4e-77f5-47b1-8521-5b85baa8ef5b"", ""is_current"": true, ""approved"": true, ""created_at"": ""2026-06-19T01:14:55.569992Z"", ""speed"": 1200.0, ""temperature"": 60.0, ""feed_rate"": 0.25, ""material_type"": ""steel"", ""version"": 1, ""is_recommended"": false, ""performance_delta"": 0.0}"
machine_configurations,"{""machine_id"": ""23696c61-7982-4928-98e8-e8a22b0f565f"", ""pressure"": 128.0, ""tooling_profile"": ""optimized"", ""id"": ""9a75c6d1-c920-4d11-a991-5063bec9bd91"", ""is_current"": false, ""approved"": false, ""created_at"": ""2026-06-19T01:14:55.570121Z"", ""speed"": 1350.0, ""temperature"": 58.0, ""feed_rate"": 0.28, ""material_type"": ""steel"", ""version"": 2, ""is_recommended"": true, ""performance_delta"": 7.3783907201629075}"
recommendations,"{""title"": ""Increase spindle speed to 1350 RPM"", ""machine_id"": ""94530790-9d84-4c90-a36b-a99237e49081"", ""confidence"": 0.78, ""id"": ""e20c969d-300e-40ad-ae89-378a63dfb0a9"", ""outcome_impact"": null, ""line_id"": ""3c2d6a13-8c4a-4d10-ab6d-9f02431bd98e"", ""category"": ""config"", ""detail"": ""Historical runs show +6% throughput with stable vibration."", ""status"": ""pending"", ""created_at"": ""2026-06-19T01:14:55.574303Z""}"
recommendations,"{""title"": ""Advance hydraulic oil change by 1 week"", ""machine_id"": ""23696c61-7982-4928-98e8-e8a22b0f565f"", ""confidence"": 0.82, ""id"": ""f4d05ef9-bc65-474b-89b1-11fd5f80149a"", ""outcome_impact"": 4.5, ""line_id"": ""3c2d6a13-8c4a-4d10-ab6d-9f02431bd98e"", ""category"": ""maintenance"", ""detail"": ""Temperature trend predicts overheating within 120 runtime hours."", ""status"": ""accepted"", ""created_at"": ""2026-06-19T01:14:55.574908Z""}"
recommendations,"{""title"": ""Reduce payload to cut cycle time variance"", ""machine_id"": ""0c911daa-73c5-4b2e-8ae3-6876ac1c9b1d"", ""confidence"": 0.55, ""id"": ""7ba092d6-4f52-4619-8ddd-ae5ceea3bf59"", ""outcome_impact"": null, ""line_id"": ""3c2d6a13-8c4a-4d10-ab6d-9f02431bd98e"", ""category"": ""config"", ""detail"": ""Rejected \u2014 payload required for current job mix."", ""status"": ""rejected"", ""created_at"": ""2026-06-19T01:14:55.575425Z""}"
incidents,"{""factory_id"": ""24cd658d-c8d7-4052-a80a-8b6bb6b7207e"", ""affected_machines"": ""23696c61-7982-4928-98e8-e8a22b0f565f"", ""delayed_orders"": 1, ""estimated_cost"": 12500.0, ""id"": ""f5654b4a-31a7-4383-8bf1-bb5fcaf527c6"", ""created_at"": ""2026-06-19T01:14:55.581613Z"", ""title"": ""Line 01 hydraulic press unplanned stop"", ""affected_jobs"": null, ""downtime_minutes"": 95, ""severity"": ""high"", ""resolved"": false}"
rca_records,"{""timeline_note"": ""Detected 09:12, stopped 09:15, restored 10:50."", ""incident_id"": ""f5654b4a-31a7-4383-8bf1-bb5fcaf527c6"", ""created_at"": ""2026-06-19T01:14:55.587218Z"", ""corrective_actions"": ""Cleaned cooler, added cooler airflow check to PM checklist."", ""id"": ""31c5b149-bbad-4ba8-9604-fccb9cc15971"", ""root_cause"": ""Hydraulic oil cooler airflow restricted by debris buildup.""}"
purchase_orders,"{""po_number"": ""PO-2000"", ""job_id"": ""60331305-971d-402d-a9f1-53e016dbafa0"", ""amount"": 13797.018012003417, ""status"": ""open"", ""created_at"": ""2026-06-19T01:14:55.597323Z"", ""customer_order_id"": ""1c461e63-7666-4dc6-8502-ae5cfef6ed5a"", ""supplier_id"": ""9ec029a7-e7d0-4597-bd9c-f707f60824ae"", ""inventory_item_id"": ""d2fed44e-f063-4276-9e08-b51abc2abc57"", ""id"": ""a9119f4f-fbb4-41f6-b23c-a17509e82e05"", ""shop_floor_ready"": true}"
purchase_orders,"{""po_number"": ""PO-2001"", ""job_id"": ""3b0a3587-1fe4-4b4d-9010-7d61948bf50a"", ""amount"": 23408.546807546154, ""status"": ""received"", ""created_at"": ""2026-06-19T01:14:55.597440Z"", ""customer_order_id"": ""3940ea28-24a7-4af1-8d54-285d3082a25f"", ""supplier_id"": ""8d57bf1d-2ba0-4091-9d3d-b4cf5886dc23"", ""inventory_item_id"": ""8ca328a0-8cdb-4f57-ba3d-63210de6bfeb"", ""id"": ""d5074641-8b10-4ff1-8bea-af3ebb8df65a"", ""shop_floor_ready"": false}"
purchase_orders,"{""po_number"": ""PO-2002"", ""job_id"": ""60331305-971d-402d-a9f1-53e016dbafa0"", ""amount"": 10327.756298583776, ""status"": ""draft"", ""created_at"": ""2026-06-19T01:14:55.597493Z"", ""customer_order_id"": ""44807c6d-f6b8-4c18-99bc-2b582bd1668c"", ""supplier_id"": ""9ec029a7-e7d0-4597-bd9c-f707f60824ae"", ""inventory_item_id"": ""53d1d218-84a0-45e3-9e83-f8d57c01efe3"", ""id"": ""326dcc85-4ec6-497b-8dbc-7f4549b62f67"", ""shop_floor_ready"": true}"
purchase_orders,"{""po_number"": ""PO-2003"", ""job_id"": ""3b0a3587-1fe4-4b4d-9010-7d61948bf50a"", ""amount"": 14144.893888010994, ""status"": ""open"", ""created_at"": ""2026-06-19T01:14:55.597540Z"", ""customer_order_id"": ""97a738b4-e100-465f-8223-141e83b55969"", ""supplier_id"": ""9ec029a7-e7d0-4597-bd9c-f707f60824ae"", ""inventory_item_id"": ""d2fed44e-f063-4276-9e08-b51abc2abc57"", ""id"": ""e6a63ae6-b56e-4106-8ad8-de3f3ef68eab"", ""shop_floor_ready"": false}"
purchase_orders,"{""po_number"": ""PO-2004"", ""job_id"": ""60331305-971d-402d-a9f1-53e016dbafa0"", ""amount"": 20246.902613565886, ""status"": ""received"", ""created_at"": ""2026-06-19T01:14:55.597586Z"", ""customer_order_id"": ""7f34db6d-6137-40c4-9379-28c3d4030499"", ""supplier_id"": ""8d57bf1d-2ba0-4091-9d3d-b4cf5886dc23"", ""inventory_item_id"": ""8ca328a0-8cdb-4f57-ba3d-63210de6bfeb"", ""id"": ""849263fa-543c-445d-9104-e9c3ce64622c"", ""shop_floor_ready"": true}"
purchase_orders,"{""po_number"": ""PO-2005"", ""job_id"": ""3b0a3587-1fe4-4b4d-9010-7d61948bf50a"", ""amount"": 15607.434552013414, ""status"": ""draft"", ""created_at"": ""2026-06-19T01:14:55.597632Z"", ""customer_order_id"": ""79111e44-35a1-4905-934e-1c88af495226"", ""supplier_id"": ""9ec029a7-e7d0-4597-bd9c-f707f60824ae"", ""inventory_item_id"": ""53d1d218-84a0-45e3-9e83-f8d57c01efe3"", ""id"": ""9828940a-88bc-49c2-a43b-4bc0e73c5a19"", ""shop_floor_ready"": false}"
purchase_orders,"{""po_number"": ""PO-2006"", ""job_id"": ""60331305-971d-402d-a9f1-53e016dbafa0"", ""amount"": 20957.5518068371, ""status"": ""open"", ""created_at"": ""2026-06-19T01:14:55.597677Z"", ""customer_order_id"": ""1c461e63-7666-4dc6-8502-ae5cfef6ed5a"", ""supplier_id"": ""9ec029a7-e7d0-4597-bd9c-f707f60824ae"", ""inventory_item_id"": ""d2fed44e-f063-4276-9e08-b51abc2abc57"", ""id"": ""a33ce990-da5e-4386-9b3b-e8bd43fb9db1"", ""shop_floor_ready"": true}"
purchase_orders,"{""po_number"": ""PO-2007"", ""job_id"": ""3b0a3587-1fe4-4b4d-9010-7d61948bf50a"", ""amount"": 14701.747195648764, ""status"": ""received"", ""created_at"": ""2026-06-19T01:14:55.597722Z"", ""customer_order_id"": ""3940ea28-24a7-4af1-8d54-285d3082a25f"", ""supplier_id"": ""8d57bf1d-2ba0-4091-9d3d-b4cf5886dc23"", ""inventory_item_id"": ""8ca328a0-8cdb-4f57-ba3d-63210de6bfeb"", ""id"": ""c2c22bd7-b078-4e32-9ea1-633db42dd649"", ""shop_floor_ready"": false}"
purchase_orders,"{""po_number"": ""PO-2008"", ""job_id"": ""60331305-971d-402d-a9f1-53e016dbafa0"", ""amount"": 17500.580396728317, ""status"": ""draft"", ""created_at"": ""2026-06-19T01:14:55.597766Z"", ""customer_order_id"": ""44807c6d-f6b8-4c18-99bc-2b582bd1668c"", ""supplier_id"": ""9ec029a7-e7d0-4597-bd9c-f707f60824ae"", ""inventory_item_id"": ""53d1d218-84a0-45e3-9e83-f8d57c01efe3"", ""id"": ""e1bd615b-9032-4747-8d50-bc3a2eefebc8"", ""shop_floor_ready"": true}"
purchase_orders,"{""po_number"": ""PO-2009"", ""job_id"": ""3b0a3587-1fe4-4b4d-9010-7d61948bf50a"", ""amount"": 3008.1364404245687, ""status"": ""open"", ""created_at"": ""2026-06-19T01:14:55.597809Z"", ""customer_order_id"": ""97a738b4-e100-465f-8223-141e83b55969"", ""supplier_id"": ""9ec029a7-e7d0-4597-bd9c-f707f60824ae"", ""inventory_item_id"": ""d2fed44e-f063-4276-9e08-b51abc2abc57"", ""id"": ""e6657d03-0f53-4f57-9743-e6d13b40ed71"", ""shop_floor_ready"": false}"
purchase_orders,"{""po_number"": ""PO-2010"", ""job_id"": ""60331305-971d-402d-a9f1-53e016dbafa0"", ""amount"": 7013.762064334031, ""status"": ""received"", ""created_at"": ""2026-06-19T01:14:55.597852Z"", ""customer_order_id"": ""7f34db6d-6137-40c4-9379-28c3d4030499"", ""supplier_id"": ""8d57bf1d-2ba0-4091-9d3d-b4cf5886dc23"", ""inventory_item_id"": ""8ca328a0-8cdb-4f57-ba3d-63210de6bfeb"", ""id"": ""7fa9a9ed-1d30-4f1c-9b4a-0d493dbc5611"", ""shop_floor_ready"": true}"
purchase_orders,"{""po_number"": ""PO-2011"", ""job_id"": ""3b0a3587-1fe4-4b4d-9010-7d61948bf50a"", ""amount"": 8366.535199246358, ""status"": ""draft"", ""created_at"": ""2026-06-19T01:14:55.597896Z"", ""customer_order_id"": ""79111e44-35a1-4905-934e-1c88af495226"", ""supplier_id"": ""9ec029a7-e7d0-4597-bd9c-f707f60824ae"", ""inventory_item_id"": ""53d1d218-84a0-45e3-9e83-f8d57c01efe3"", ""id"": ""9ee03820-1dd7-4cc3-8ecc-85794f2f4fa1"", ""shop_floor_ready"": false}"
purchase_orders,"{""po_number"": ""PO-2012"", ""job_id"": ""60331305-971d-402d-a9f1-53e016dbafa0"", ""amount"": 3755.4234923198046, ""status"": ""open"", ""created_at"": ""2026-06-19T01:14:55.597941Z"", ""customer_order_id"": ""1c461e63-7666-4dc6-8502-ae5cfef6ed5a"", ""supplier_id"": ""9ec029a7-e7d0-4597-bd9c-f707f60824ae"", ""inventory_item_id"": ""d2fed44e-f063-4276-9e08-b51abc2abc57"", ""id"": ""b317b241-a7ad-4746-9c56-542cdc5b04f2"", ""shop_floor_ready"": true}"
purchase_orders,"{""po_number"": ""PO-2013"", ""job_id"": ""3b0a3587-1fe4-4b4d-9010-7d61948bf50a"", ""amount"": 7121.399499942664, ""status"": ""received"", ""created_at"": ""2026-06-19T01:14:55.597983Z"", ""customer_order_id"": ""3940ea28-24a7-4af1-8d54-285d3082a25f"", ""supplier_id"": ""8d57bf1d-2ba0-4091-9d3d-b4cf5886dc23"", ""inventory_item_id"": ""8ca328a0-8cdb-4f57-ba3d-63210de6bfeb"", ""id"": ""de3bcf9f-6b0d-4b68-a609-23927a84da1e"", ""shop_floor_ready"": false}"
knowledge_documents,"{""kind"": ""troubleshooting"", ""machine_id"": ""94530790-9d84-4c90-a36b-a99237e49081"", ""content"": ""High vibration on the CNC mill is usually caused by worn spindle bearings, an unbalanced tool, or loose workholding. Inspect bearings, verify tool balance, and check fixture torque. If vibration index exceeds 0.6, stop the machine and schedule bearing replacement."", ""created_at"": ""2026-06-19T01:14:55.515769Z"", ""tags"": ""vibration,bearing,spindle"", ""title"": ""CNC Mill Vibration Troubleshooting"", ""id"": ""8a177c38-e5a5-4180-ba67-db82030d6c01""}"
knowledge_documents,"{""kind"": ""sop"", ""machine_id"": ""23696c61-7982-4928-98e8-e8a22b0f565f"", ""content"": ""If press temperature exceeds 85C, check hydraulic oil level and cooler airflow. Low oil or a clogged cooler causes overheating. Replace oil per the maintenance schedule (every 2000 runtime hours)."", ""created_at"": ""2026-06-19T01:14:55.516887Z"", ""tags"": ""temperature,coolant,hydraulic"", ""title"": ""Hydraulic Press Overheating SOP"", ""id"": ""fb709948-3ca1-4969-b0b2-72b20e9ec6c9""}"
knowledge_documents,"{""kind"": ""manual"", ""machine_id"": ""0c911daa-73c5-4b2e-8ae3-6876ac1c9b1d"", ""content"": ""Fault E101 indicates a joint encoder error; E205 indicates a collision stop. Clear faults from the pendant, re-home the arm, and verify payload limits before resuming production."", ""created_at"": ""2026-06-19T01:14:55.518024Z"", ""tags"": ""fault,error,controls"", ""title"": ""Robotic Arm Fault Codes"", ""id"": ""d0ca8328-1936-49e8-a0c2-11052465d953""}"
knowledge_documents,"{""kind"": ""sop"", ""machine_id"": null, ""content"": ""Preventive maintenance is scheduled at runtime thresholds. Lubricate ways, inspect belts, and replace filters. Overdue PM increases downtime risk."", ""created_at"": ""2026-06-19T01:14:55.518097Z"", ""tags"": ""maintenance,pm"", ""title"": ""Preventive Maintenance Standard"", ""id"": ""ce309582-d838-4ceb-9196-c9a832be5149""}"
